company_id,vendor_id,date,monthly_spend,company_size,company_region,vendor_contract_type,vendor_category
T_CUST1,PLAN_A,2022-01-01,168.94,SMB,NA,usage,Mobile
T_CUST1,PLAN_A,2022-02-01,206.61,SMB,NA,usage,Mobile
T_CUST1,PLAN_A,2022-03-01,202.53,SMB,NA,usage,Mobile
T_CUST1,PLAN_A,2022-04-01,201.57,SMB,NA,usage,Mobile
T_CUST1,PLAN_A,2022-05-01,273.77,SMB,NA,usage,Mobile
T_CUST1,PLAN_A,2022-06-01,343.68,SMB,NA,usage,Mobile
T_CUST1,PLAN_A,2022-07-01,255.59,SMB,NA,usage,Mobile
T_CUST1,PLAN_A,2022-08-01,329.57,SMB,NA,usage,Mobile
T_CUST1,PLAN_A,2022-09-01,282.6,SMB,NA,usage,Mobile
T_CUST1,PLAN_A,2022-10-01,239.82,SMB,NA,usage,Mobile
T_CUST1,PLAN_A,2022-11-01,209.4,SMB,NA,usage,Mobile
T_CUST1,PLAN_A,2022-12-01,247.64,SMB,NA,usage,Mobile
T_CUST1,PLAN_A,2023-01-01,185.28,SMB,NA,usage,Mobile
T_CUST1,PLAN_A,2023-02-01,265.76,SMB,NA,usage,Mobile
T_CUST1,PLAN_A,2023-03-01,253.1,SMB,NA,usage,Mobile
T_CUST1,PLAN_A,2023-04-01,286.86,SMB,NA,usage,Mobile
T_CUST1,PLAN_A,2023-05-01,124.75,SMB,NA,usage,Mobile
T_CUST1,PLAN_A,2023-06-01,196.06,SMB,NA,usage,Mobile
T_CUST1,PLAN_A,2023-07-01,100.97,SMB,NA,usage,Mobile
T_CUST1,PLAN_A,2023-08-01,87.31,SMB,NA,usage,Mobile
T_CUST1,PLAN_A,2023-09-01,70.15,SMB,NA,usage,Mobile
T_CUST1,PLAN_A,2023-10-01,83.33,SMB,NA,usage,Mobile
T_CUST1,PLAN_A,2023-11-01,86.71,SMB,NA,usage,Mobile
T_CUST1,PLAN_A,2023-12-01,63.79,SMB,NA,usage,Mobile
T_CUST1,PLAN_A,2024-01-01,57.74,SMB,NA,usage,Mobile
T_CUST1,PLAN_A,2024-02-01,82.28,SMB,NA,usage,Mobile
T_CUST1,PLAN_A,2024-03-01,92.49,SMB,NA,usage,Mobile
T_CUST1,PLAN_A,2024-04-01,100.05,SMB,NA,usage,Mobile
T_CUST1,PLAN_A,2024-05-01,88.41,SMB,NA,usage,Mobile
T_CUST1,PLAN_A,2024-06-01,119.99,SMB,NA,usage,Mobile
T_CUST1,PLAN_A,2024-07-01,117.49,SMB,NA,usage,Mobile
T_CUST1,PLAN_A,2024-08-01,86.67,SMB,NA,usage,Mobile
T_CUST1,PLAN_A,2024-09-01,97.97,SMB,NA,usage,Mobile
T_CUST1,PLAN_A,2024-10-01,92.59,SMB,NA,usage,Mobile
T_CUST1,PLAN_A,2024-11-01,74.6,SMB,NA,usage,Mobile
T_CUST1,PLAN_A,2024-12-01,85.7,SMB,NA,usage,Mobile
T_CUST1,PLAN_B,2022-01-01,1584.15,SMB,NA,usage,Broadband
T_CUST1,PLAN_B,2022-02-01,1356.2,SMB,NA,usage,Broadband
T_CUST1,PLAN_B,2022-03-01,1518.71,SMB,NA,usage,Broadband
T_CUST1,PLAN_B,2022-04-01,1193.44,SMB,NA,usage,Broadband
T_CUST1,PLAN_B,2022-05-01,1558.83,SMB,NA,usage,Broadband
T_CUST1,PLAN_B,2022-06-01,1574.72,SMB,NA,usage,Broadband
T_CUST1,PLAN_B,2022-07-01,2026.3,SMB,NA,usage,Broadband
T_CUST1,PLAN_B,2022-08-01,1519.65,SMB,NA,usage,Broadband
T_CUST1,PLAN_B,2022-09-01,1365.7,SMB,NA,usage,Broadband
T_CUST1,PLAN_B,2022-10-01,1152.73,SMB,NA,usage,Broadband
T_CUST1,PLAN_B,2022-11-01,1165.64,SMB,NA,usage,Broadband
T_CUST1,PLAN_B,2022-12-01,1347.34,SMB,NA,usage,Broadband
T_CUST1,PLAN_B,2023-01-01,1329.1,SMB,NA,usage,Broadband
T_CUST1,PLAN_B,2023-02-01,1233.57,SMB,NA,usage,Broadband
T_CUST1,PLAN_B,2023-03-01,1326.3,SMB,NA,usage,Broadband
T_CUST1,PLAN_B,2023-04-01,1144.67,SMB,NA,usage,Broadband
T_CUST1,PLAN_B,2023-05-01,1414.48,SMB,NA,usage,Broadband
T_CUST1,PLAN_B,2023-06-01,1864.29,SMB,NA,usage,Broadband
T_CUST1,PLAN_B,2023-07-01,1736.99,SMB,NA,usage,Broadband
T_CUST1,PLAN_B,2023-08-01,2086.4,SMB,NA,usage,Broadband
T_CUST1,PLAN_B,2023-09-01,1582.57,SMB,NA,usage,Broadband
T_CUST1,PLAN_B,2023-10-01,1332.38,SMB,NA,usage,Broadband
T_CUST1,PLAN_B,2023-11-01,1721.47,SMB,NA,usage,Broadband
T_CUST1,PLAN_B,2023-12-01,1349.13,SMB,NA,usage,Broadband
T_CUST1,PLAN_B,2024-01-01,1515.77,SMB,NA,usage,Broadband
T_CUST1,PLAN_B,2024-02-01,1546.59,SMB,NA,usage,Broadband
T_CUST1,PLAN_B,2024-03-01,1454.73,SMB,NA,usage,Broadband
T_CUST1,PLAN_B,2024-04-01,1425.25,SMB,NA,usage,Broadband
T_CUST1,PLAN_B,2024-05-01,1158.28,SMB,NA,usage,Broadband
T_CUST1,PLAN_B,2024-06-01,1773.02,SMB,NA,usage,Broadband
T_CUST1,PLAN_B,2024-07-01,1905.14,SMB,NA,usage,Broadband
T_CUST1,PLAN_B,2024-08-01,2181.51,SMB,NA,usage,Broadband
T_CUST1,PLAN_B,2024-09-01,1453.22,SMB,NA,usage,Broadband
T_CUST1,PLAN_B,2024-10-01,1489.15,SMB,NA,usage,Broadband
T_CUST1,PLAN_B,2024-11-01,1513.05,SMB,NA,usage,Broadband
T_CUST1,PLAN_B,2024-12-01,1290.72,SMB,NA,usage,Broadband
T_CUST1,PLAN_C,2022-01-01,868.16,SMB,NA,usage,EnterpriseLink
T_CUST1,PLAN_C,2022-02-01,1206.04,SMB,NA,usage,EnterpriseLink
T_CUST1,PLAN_C,2022-03-01,1276.36,SMB,NA,usage,EnterpriseLink
T_CUST1,PLAN_C,2022-04-01,1353.59,SMB,NA,usage,EnterpriseLink
T_CUST1,PLAN_C,2022-05-01,1172.23,SMB,NA,usage,EnterpriseLink
T_CUST1,PLAN_C,2022-06-01,1318.64,SMB,NA,usage,EnterpriseLink
T_CUST1,PLAN_C,2022-07-01,1112.88,SMB,NA,usage,EnterpriseLink
T_CUST1,PLAN_C,2022-08-01,1633.04,SMB,NA,usage,EnterpriseLink
T_CUST1,PLAN_C,2022-09-01,968.8,SMB,NA,usage,EnterpriseLink
T_CUST1,PLAN_C,2022-10-01,1206.97,SMB,NA,usage,EnterpriseLink
T_CUST1,PLAN_C,2022-11-01,1099.77,SMB,NA,usage,EnterpriseLink
T_CUST1,PLAN_C,2022-12-01,1268.62,SMB,NA,usage,EnterpriseLink
T_CUST1,PLAN_C,2023-01-01,1325.61,SMB,NA,usage,EnterpriseLink
T_CUST1,PLAN_C,2023-02-01,1108.15,SMB,NA,usage,EnterpriseLink
T_CUST1,PLAN_C,2023-03-01,1442.46,SMB,NA,usage,EnterpriseLink
T_CUST1,PLAN_C,2023-04-01,1118.92,SMB,NA,usage,EnterpriseLink
T_CUST1,PLAN_C,2023-05-01,1392.99,SMB,NA,usage,EnterpriseLink
T_CUST1,PLAN_C,2023-06-01,1662.4,SMB,NA,usage,EnterpriseLink
T_CUST1,PLAN_C,2023-07-01,1562.91,SMB,NA,usage,EnterpriseLink
T_CUST1,PLAN_C,2023-08-01,1267.29,SMB,NA,usage,EnterpriseLink
T_CUST1,PLAN_C,2023-09-01,1003.51,SMB,NA,usage,EnterpriseLink
T_CUST1,PLAN_C,2023-10-01,1169.07,SMB,NA,usage,EnterpriseLink
T_CUST1,PLAN_C,2023-11-01,1011.51,SMB,NA,usage,EnterpriseLink
T_CUST1,PLAN_C,2023-12-01,1285.48,SMB,NA,usage,EnterpriseLink
T_CUST1,PLAN_C,2024-01-01,924.7,SMB,NA,usage,EnterpriseLink
T_CUST1,PLAN_C,2024-02-01,941.5,SMB,NA,usage,EnterpriseLink
T_CUST1,PLAN_C,2024-03-01,1246.97,SMB,NA,usage,EnterpriseLink
T_CUST1,PLAN_C,2024-04-01,1171.64,SMB,NA,usage,EnterpriseLink
T_CUST1,PLAN_C,2024-05-01,1419.84,SMB,NA,usage,EnterpriseLink
T_CUST1,PLAN_C,2024-06-01,1220.26,SMB,NA,usage,EnterpriseLink
T_CUST1,PLAN_C,2024-07-01,1358.53,SMB,NA,usage,EnterpriseLink
T_CUST1,PLAN_C,2024-08-01,1552.67,SMB,NA,usage,EnterpriseLink
T_CUST1,PLAN_C,2024-09-01,1461.7,SMB,NA,usage,EnterpriseLink
T_CUST1,PLAN_C,2024-10-01,1075.19,SMB,NA,usage,EnterpriseLink
T_CUST1,PLAN_C,2024-11-01,1321.38,SMB,NA,usage,EnterpriseLink
T_CUST1,PLAN_C,2024-12-01,909.07,SMB,NA,usage,EnterpriseLink
T_CUST2,PLAN_A,2022-01-01,1306.86,SMB,EU,usage,Mobile
T_CUST2,PLAN_A,2022-02-01,1174.72,SMB,EU,usage,Mobile
T_CUST2,PLAN_A,2022-03-01,1144.04,SMB,EU,usage,Mobile
T_CUST2,PLAN_A,2022-04-01,1135.4,SMB,EU,usage,Mobile
T_CUST2,PLAN_A,2022-05-01,1222.79,SMB,EU,usage,Mobile
T_CUST2,PLAN_A,2022-06-01,1436.0,SMB,EU,usage,Mobile
T_CUST2,PLAN_A,2022-07-01,1647.53,SMB,EU,usage,Mobile
T_CUST2,PLAN_A,2022-08-01,1596.96,SMB,EU,usage,Mobile
T_CUST2,PLAN_A,2022-09-01,1457.95,SMB,EU,usage,Mobile
T_CUST2,PLAN_A,2022-10-01,1175.82,SMB,EU,usage,Mobile
T_CUST2,PLAN_A,2022-11-01,1588.82,SMB,EU,usage,Mobile
T_CUST2,PLAN_A,2022-12-01,1197.03,SMB,EU,usage,Mobile
T_CUST2,PLAN_A,2023-01-01,1272.94,SMB,EU,usage,Mobile
T_CUST2,PLAN_A,2023-02-01,1419.86,SMB,EU,usage,Mobile
T_CUST2,PLAN_A,2023-03-01,1087.3,SMB,EU,usage,Mobile
T_CUST2,PLAN_A,2023-04-01,1082.79,SMB,EU,usage,Mobile
T_CUST2,PLAN_A,2023-05-01,1279.5,SMB,EU,usage,Mobile
T_CUST2,PLAN_A,2023-06-01,1579.99,SMB,EU,usage,Mobile
T_CUST2,PLAN_A,2023-07-01,1393.92,SMB,EU,usage,Mobile
T_CUST2,PLAN_A,2023-08-01,1325.48,SMB,EU,usage,Mobile
T_CUST2,PLAN_A,2023-09-01,1305.48,SMB,EU,usage,Mobile
T_CUST2,PLAN_A,2023-10-01,1402.11,SMB,EU,usage,Mobile
T_CUST2,PLAN_A,2023-11-01,1134.74,SMB,EU,usage,Mobile
T_CUST2,PLAN_A,2023-12-01,1015.5,SMB,EU,usage,Mobile
T_CUST2,PLAN_A,2024-01-01,1426.78,SMB,EU,usage,Mobile
T_CUST2,PLAN_A,2024-02-01,1442.6,SMB,EU,usage,Mobile
T_CUST2,PLAN_A,2024-03-01,1014.11,SMB,EU,usage,Mobile
T_CUST2,PLAN_A,2024-04-01,1601.89,SMB,EU,usage,Mobile
T_CUST2,PLAN_A,2024-05-01,998.07,SMB,EU,usage,Mobile
T_CUST2,PLAN_A,2024-06-01,1388.65,SMB,EU,usage,Mobile
T_CUST2,PLAN_A,2024-07-01,1874.4,SMB,EU,usage,Mobile
T_CUST2,PLAN_A,2024-08-01,1251.22,SMB,EU,usage,Mobile
T_CUST2,PLAN_A,2024-09-01,1523.15,SMB,EU,usage,Mobile
T_CUST2,PLAN_A,2024-10-01,1082.57,SMB,EU,usage,Mobile
T_CUST2,PLAN_A,2024-11-01,1104.02,SMB,EU,usage,Mobile
T_CUST2,PLAN_A,2024-12-01,1331.72,SMB,EU,usage,Mobile
T_CUST2,PLAN_B,2022-01-01,520.23,SMB,EU,usage,Broadband
T_CUST2,PLAN_B,2022-02-01,459.59,SMB,EU,usage,Broadband
T_CUST2,PLAN_B,2022-03-01,537.24,SMB,EU,usage,Broadband
T_CUST2,PLAN_B,2022-04-01,453.09,SMB,EU,usage,Broadband
T_CUST2,PLAN_B,2022-05-01,546.74,SMB,EU,usage,Broadband
T_CUST2,PLAN_B,2022-06-01,760.48,SMB,EU,usage,Broadband
T_CUST2,PLAN_B,2022-07-01,627.83,SMB,EU,usage,Broadband
T_CUST2,PLAN_B,2022-08-01,758.03,SMB,EU,usage,Broadband
T_CUST2,PLAN_B,2022-09-01,708.96,SMB,EU,usage,Broadband
T_CUST2,PLAN_B,2022-10-01,579.55,SMB,EU,usage,Broadband
T_CUST2,PLAN_B,2022-11-01,506.89,SMB,EU,usage,Broadband
T_CUST2,PLAN_B,2022-12-01,636.86,SMB,EU,usage,Broadband
T_CUST2,PLAN_B,2023-01-01,642.7,SMB,EU,usage,Broadband
T_CUST2,PLAN_B,2023-02-01,486.64,SMB,EU,usage,Broadband
T_CUST2,PLAN_B,2023-03-01,701.15,SMB,EU,usage,Broadband
T_CUST2,PLAN_B,2023-04-01,530.75,SMB,EU,usage,Broadband
T_CUST2,PLAN_B,2023-05-01,484.75,SMB,EU,usage,Broadband
T_CUST2,PLAN_B,2023-06-01,578.3,SMB,EU,usage,Broadband
T_CUST2,PLAN_B,2023-07-01,794.19,SMB,EU,usage,Broadband
T_CUST2,PLAN_B,2023-08-01,568.33,SMB,EU,usage,Broadband
T_CUST2,PLAN_B,2023-09-01,662.86,SMB,EU,usage,Broadband
T_CUST2,PLAN_B,2023-10-01,516.01,SMB,EU,usage,Broadband
T_CUST2,PLAN_B,2023-11-01,566.27,SMB,EU,usage,Broadband
T_CUST2,PLAN_B,2023-12-01,440.02,SMB,EU,usage,Broadband
T_CUST2,PLAN_B,2024-01-01,568.69,SMB,EU,usage,Broadband
T_CUST2,PLAN_B,2024-02-01,577.21,SMB,EU,usage,Broadband
T_CUST2,PLAN_B,2024-03-01,559.27,SMB,EU,usage,Broadband
T_CUST2,PLAN_B,2024-04-01,674.51,SMB,EU,usage,Broadband
T_CUST2,PLAN_B,2024-05-01,577.55,SMB,EU,usage,Broadband
T_CUST2,PLAN_B,2024-06-01,771.34,SMB,EU,usage,Broadband
T_CUST2,PLAN_B,2024-07-01,801.78,SMB,EU,usage,Broadband
T_CUST2,PLAN_B,2024-08-01,745.53,SMB,EU,usage,Broadband
T_CUST2,PLAN_B,2024-09-01,718.47,SMB,EU,usage,Broadband
T_CUST2,PLAN_B,2024-10-01,603.32,SMB,EU,usage,Broadband
T_CUST2,PLAN_B,2024-11-01,510.23,SMB,EU,usage,Broadband
T_CUST2,PLAN_B,2024-12-01,540.72,SMB,EU,usage,Broadband
T_CUST2,PLAN_C,2022-01-01,1503.22,SMB,EU,usage,EnterpriseLink
T_CUST2,PLAN_C,2022-02-01,1524.25,SMB,EU,usage,EnterpriseLink
T_CUST2,PLAN_C,2022-03-01,2133.69,SMB,EU,usage,EnterpriseLink
T_CUST2,PLAN_C,2022-04-01,1688.3,SMB,EU,usage,EnterpriseLink
T_CUST2,PLAN_C,2022-05-01,1732.8,SMB,EU,usage,EnterpriseLink
T_CUST2,PLAN_C,2022-06-01,2812.49,SMB,EU,usage,EnterpriseLink
T_CUST2,PLAN_C,2022-07-01,2173.81,SMB,EU,usage,EnterpriseLink
T_CUST2,PLAN_C,2022-08-01,2218.09,SMB,EU,usage,EnterpriseLink
T_CUST2,PLAN_C,2022-09-01,2282.4,SMB,EU,usage,EnterpriseLink
T_CUST2,PLAN_C,2022-10-01,2164.21,SMB,EU,usage,EnterpriseLink
T_CUST2,PLAN_C,2022-11-01,2227.06,SMB,EU,usage,EnterpriseLink
T_CUST2,PLAN_C,2022-12-01,1685.61,SMB,EU,usage,EnterpriseLink
T_CUST2,PLAN_C,2023-01-01,1477.1,SMB,EU,usage,EnterpriseLink
T_CUST2,PLAN_C,2023-02-01,1508.24,SMB,EU,usage,EnterpriseLink
T_CUST2,PLAN_C,2023-03-01,1521.07,SMB,EU,usage,EnterpriseLink
T_CUST2,PLAN_C,2023-04-01,1572.84,SMB,EU,usage,EnterpriseLink
T_CUST2,PLAN_C,2023-05-01,1692.7,SMB,EU,usage,EnterpriseLink
T_CUST2,PLAN_C,2023-06-01,2583.25,SMB,EU,usage,EnterpriseLink
T_CUST2,PLAN_C,2023-07-01,1987.96,SMB,EU,usage,EnterpriseLink
T_CUST2,PLAN_C,2023-08-01,2196.88,SMB,EU,usage,EnterpriseLink
T_CUST2,PLAN_C,2023-09-01,1863.64,SMB,EU,usage,EnterpriseLink
T_CUST2,PLAN_C,2023-10-01,1729.22,SMB,EU,usage,EnterpriseLink
T_CUST2,PLAN_C,2023-11-01,1609.08,SMB,EU,usage,EnterpriseLink
T_CUST2,PLAN_C,2023-12-01,1522.35,SMB,EU,usage,EnterpriseLink
T_CUST2,PLAN_C,2024-01-01,1998.55,SMB,EU,usage,EnterpriseLink
T_CUST2,PLAN_C,2024-02-01,2348.93,SMB,EU,usage,EnterpriseLink
T_CUST2,PLAN_C,2024-03-01,1784.45,SMB,EU,usage,EnterpriseLink
T_CUST2,PLAN_C,2024-04-01,1866.92,SMB,EU,usage,EnterpriseLink
T_CUST2,PLAN_C,2024-05-01,1752.13,SMB,EU,usage,EnterpriseLink
T_CUST2,PLAN_C,2024-06-01,2135.65,SMB,EU,usage,EnterpriseLink
T_CUST2,PLAN_C,2024-07-01,2485.24,SMB,EU,usage,EnterpriseLink
T_CUST2,PLAN_C,2024-08-01,2537.57,SMB,EU,usage,EnterpriseLink
T_CUST2,PLAN_C,2024-09-01,1735.88,SMB,EU,usage,EnterpriseLink
T_CUST2,PLAN_C,2024-10-01,1580.12,SMB,EU,usage,EnterpriseLink
T_CUST2,PLAN_C,2024-11-01,2089.46,SMB,EU,usage,EnterpriseLink
T_CUST2,PLAN_C,2024-12-01,1662.0,SMB,EU,usage,EnterpriseLink
T_CUST3,PLAN_A,2022-01-01,304.72,MidMarket,APAC,usage,Mobile
T_CUST3,PLAN_A,2022-02-01,274.27,MidMarket,APAC,usage,Mobile
T_CUST3,PLAN_A,2022-03-01,391.95,MidMarket,APAC,usage,Mobile
T_CUST3,PLAN_A,2022-04-01,435.7,MidMarket,APAC,usage,Mobile
T_CUST3,PLAN_A,2022-05-01,348.18,MidMarket,APAC,usage,Mobile
T_CUST3,PLAN_A,2022-06-01,516.15,MidMarket,APAC,usage,Mobile
T_CUST3,PLAN_A,2022-07-01,356.4,MidMarket,APAC,usage,Mobile
T_CUST3,PLAN_A,2022-08-01,366.56,MidMarket,APAC,usage,Mobile
T_CUST3,PLAN_A,2022-09-01,327.14,MidMarket,APAC,usage,Mobile
T_CUST3,PLAN_A,2022-10-01,338.0,MidMarket,APAC,usage,Mobile
T_CUST3,PLAN_A,2022-11-01,421.16,MidMarket,APAC,usage,Mobile
T_CUST3,PLAN_A,2022-12-01,390.12,MidMarket,APAC,usage,Mobile
T_CUST3,PLAN_A,2023-01-01,320.01,MidMarket,APAC,usage,Mobile
T_CUST3,PLAN_A,2023-02-01,387.0,MidMarket,APAC,usage,Mobile
T_CUST3,PLAN_A,2023-03-01,375.35,MidMarket,APAC,usage,Mobile
T_CUST3,PLAN_A,2023-04-01,414.6,MidMarket,APAC,usage,Mobile
T_CUST3,PLAN_A,2023-05-01,287.76,MidMarket,APAC,usage,Mobile
T_CUST3,PLAN_A,2023-06-01,437.09,MidMarket,APAC,usage,Mobile
T_CUST3,PLAN_A,2023-07-01,486.96,MidMarket,APAC,usage,Mobile
T_CUST3,PLAN_A,2023-08-01,480.07,MidMarket,APAC,usage,Mobile
T_CUST3,PLAN_A,2023-09-01,398.92,MidMarket,APAC,usage,Mobile
T_CUST3,PLAN_A,2023-10-01,434.93,MidMarket,APAC,usage,Mobile
T_CUST3,PLAN_A,2023-11-01,274.37,MidMarket,APAC,usage,Mobile
T_CUST3,PLAN_A,2023-12-01,258.73,MidMarket,APAC,usage,Mobile
T_CUST3,PLAN_A,2024-01-01,265.89,MidMarket,APAC,usage,Mobile
T_CUST3,PLAN_A,2024-02-01,367.48,MidMarket,APAC,usage,Mobile
T_CUST3,PLAN_A,2024-03-01,342.2,MidMarket,APAC,usage,Mobile
T_CUST3,PLAN_A,2024-04-01,280.41,MidMarket,APAC,usage,Mobile
T_CUST3,PLAN_A,2024-05-01,316.64,MidMarket,APAC,usage,Mobile
T_CUST3,PLAN_A,2024-06-01,402.53,MidMarket,APAC,usage,Mobile
T_CUST3,PLAN_A,2024-07-01,425.81,MidMarket,APAC,usage,Mobile
T_CUST3,PLAN_A,2024-08-01,476.33,MidMarket,APAC,usage,Mobile
T_CUST3,PLAN_A,2024-09-01,352.0,MidMarket,APAC,usage,Mobile
T_CUST3,PLAN_A,2024-10-01,408.74,MidMarket,APAC,usage,Mobile
T_CUST3,PLAN_A,2024-11-01,360.67,MidMarket,APAC,usage,Mobile
T_CUST3,PLAN_A,2024-12-01,296.81,MidMarket,APAC,usage,Mobile
T_CUST3,PLAN_B,2022-01-01,2001.89,MidMarket,APAC,usage,Broadband
T_CUST3,PLAN_B,2022-02-01,1651.51,MidMarket,APAC,usage,Broadband
T_CUST3,PLAN_B,2022-03-01,2301.35,MidMarket,APAC,usage,Broadband
T_CUST3,PLAN_B,2022-04-01,2101.77,MidMarket,APAC,usage,Broadband
T_CUST3,PLAN_B,2022-05-01,2360.6,MidMarket,APAC,usage,Broadband
T_CUST3,PLAN_B,2022-06-01,2007.84,MidMarket,APAC,usage,Broadband
T_CUST3,PLAN_B,2022-07-01,2033.25,MidMarket,APAC,usage,Broadband
T_CUST3,PLAN_B,2022-08-01,2281.55,MidMarket,APAC,usage,Broadband
T_CUST3,PLAN_B,2022-09-01,1616.72,MidMarket,APAC,usage,Broadband
T_CUST3,PLAN_B,2022-10-01,1515.93,MidMarket,APAC,usage,Broadband
T_CUST3,PLAN_B,2022-11-01,1804.54,MidMarket,APAC,usage,Broadband
T_CUST3,PLAN_B,2022-12-01,1956.21,MidMarket,APAC,usage,Broadband
T_CUST3,PLAN_B,2023-01-01,2070.96,MidMarket,APAC,usage,Broadband
T_CUST3,PLAN_B,2023-02-01,1694.91,MidMarket,APAC,usage,Broadband
T_CUST3,PLAN_B,2023-03-01,2352.21,MidMarket,APAC,usage,Broadband
T_CUST3,PLAN_B,2023-04-01,1552.46,MidMarket,APAC,usage,Broadband
T_CUST3,PLAN_B,2023-05-01,930.95,MidMarket,APAC,usage,Broadband
T_CUST3,PLAN_B,2023-06-01,1534.55,MidMarket,APAC,usage,Broadband
T_CUST3,PLAN_B,2023-07-01,647.59,MidMarket,APAC,usage,Broadband
T_CUST3,PLAN_B,2023-08-01,998.16,MidMarket,APAC,usage,Broadband
T_CUST3,PLAN_B,2023-09-01,606.45,MidMarket,APAC,usage,Broadband
T_CUST3,PLAN_B,2023-10-01,559.37,MidMarket,APAC,usage,Broadband
T_CUST3,PLAN_B,2023-11-01,766.37,MidMarket,APAC,usage,Broadband
T_CUST3,PLAN_B,2023-12-01,588.97,MidMarket,APAC,usage,Broadband
T_CUST3,PLAN_B,2024-01-01,728.07,MidMarket,APAC,usage,Broadband
T_CUST3,PLAN_B,2024-02-01,677.07,MidMarket,APAC,usage,Broadband
T_CUST3,PLAN_B,2024-03-01,520.3,MidMarket,APAC,usage,Broadband
T_CUST3,PLAN_B,2024-04-01,570.57,MidMarket,APAC,usage,Broadband
T_CUST3,PLAN_B,2024-05-01,549.88,MidMarket,APAC,usage,Broadband
T_CUST3,PLAN_B,2024-06-01,691.68,MidMarket,APAC,usage,Broadband
T_CUST3,PLAN_B,2024-07-01,726.32,MidMarket,APAC,usage,Broadband
T_CUST3,PLAN_B,2024-08-01,650.53,MidMarket,APAC,usage,Broadband
T_CUST3,PLAN_B,2024-09-01,802.12,MidMarket,APAC,usage,Broadband
T_CUST3,PLAN_B,2024-10-01,735.58,MidMarket,APAC,usage,Broadband
T_CUST3,PLAN_B,2024-11-01,661.38,MidMarket,APAC,usage,Broadband
T_CUST3,PLAN_B,2024-12-01,727.67,MidMarket,APAC,usage,Broadband
T_CUST3,PLAN_C,2022-01-01,1182.84,MidMarket,APAC,usage,EnterpriseLink
T_CUST3,PLAN_C,2022-02-01,1332.08,MidMarket,APAC,usage,EnterpriseLink
T_CUST3,PLAN_C,2022-03-01,1174.73,MidMarket,APAC,usage,EnterpriseLink
T_CUST3,PLAN_C,2022-04-01,1090.46,MidMarket,APAC,usage,EnterpriseLink
T_CUST3,PLAN_C,2022-05-01,1432.37,MidMarket,APAC,usage,EnterpriseLink
T_CUST3,PLAN_C,2022-06-01,1361.03,MidMarket,APAC,usage,EnterpriseLink
T_CUST3,PLAN_C,2022-07-01,1407.83,MidMarket,APAC,usage,EnterpriseLink
T_CUST3,PLAN_C,2022-08-01,1296.88,MidMarket,APAC,usage,EnterpriseLink
T_CUST3,PLAN_C,2022-09-01,1240.5,MidMarket,APAC,usage,EnterpriseLink
T_CUST3,PLAN_C,2022-10-01,1231.57,MidMarket,APAC,usage,EnterpriseLink
T_CUST3,PLAN_C,2022-11-01,1170.28,MidMarket,APAC,usage,EnterpriseLink
T_CUST3,PLAN_C,2022-12-01,1012.58,MidMarket,APAC,usage,EnterpriseLink
T_CUST3,PLAN_C,2023-01-01,1110.28,MidMarket,APAC,usage,EnterpriseLink
T_CUST3,PLAN_C,2023-02-01,1141.67,MidMarket,APAC,usage,EnterpriseLink
T_CUST3,PLAN_C,2023-03-01,1370.36,MidMarket,APAC,usage,EnterpriseLink
T_CUST3,PLAN_C,2023-04-01,1009.97,MidMarket,APAC,usage,EnterpriseLink
T_CUST3,PLAN_C,2023-05-01,1336.59,MidMarket,APAC,usage,EnterpriseLink
T_CUST3,PLAN_C,2023-06-01,1250.15,MidMarket,APAC,usage,EnterpriseLink
T_CUST3,PLAN_C,2023-07-01,1750.14,MidMarket,APAC,usage,EnterpriseLink
T_CUST3,PLAN_C,2023-08-01,1372.03,MidMarket,APAC,usage,EnterpriseLink
T_CUST3,PLAN_C,2023-09-01,1108.1,MidMarket,APAC,usage,EnterpriseLink
T_CUST3,PLAN_C,2023-10-01,1440.56,MidMarket,APAC,usage,EnterpriseLink
T_CUST3,PLAN_C,2023-11-01,948.89,MidMarket,APAC,usage,EnterpriseLink
T_CUST3,PLAN_C,2023-12-01,1336.25,MidMarket,APAC,usage,EnterpriseLink
T_CUST3,PLAN_C,2024-01-01,1310.87,MidMarket,APAC,usage,EnterpriseLink
T_CUST3,PLAN_C,2024-02-01,1304.43,MidMarket,APAC,usage,EnterpriseLink
T_CUST3,PLAN_C,2024-03-01,1249.69,MidMarket,APAC,usage,EnterpriseLink
T_CUST3,PLAN_C,2024-04-01,1223.63,MidMarket,APAC,usage,EnterpriseLink
T_CUST3,PLAN_C,2024-05-01,969.65,MidMarket,APAC,usage,EnterpriseLink
T_CUST3,PLAN_C,2024-06-01,1168.67,MidMarket,APAC,usage,EnterpriseLink
T_CUST3,PLAN_C,2024-07-01,1583.29,MidMarket,APAC,usage,EnterpriseLink
T_CUST3,PLAN_C,2024-08-01,1768.07,MidMarket,APAC,usage,EnterpriseLink
T_CUST3,PLAN_C,2024-09-01,1215.5,MidMarket,APAC,usage,EnterpriseLink
T_CUST3,PLAN_C,2024-10-01,922.19,MidMarket,APAC,usage,EnterpriseLink
T_CUST3,PLAN_C,2024-11-01,1399.01,MidMarket,APAC,usage,EnterpriseLink
T_CUST3,PLAN_C,2024-12-01,1259.99,MidMarket,APAC,usage,EnterpriseLink
T_CUST4,PLAN_A,2022-01-01,1133.73,Enterprise,LATAM,usage,Mobile
T_CUST4,PLAN_A,2022-02-01,1483.02,Enterprise,LATAM,usage,Mobile
T_CUST4,PLAN_A,2022-03-01,1132.9,Enterprise,LATAM,usage,Mobile
T_CUST4,PLAN_A,2022-04-01,1146.99,Enterprise,LATAM,usage,Mobile
T_CUST4,PLAN_A,2022-05-01,1503.59,Enterprise,LATAM,usage,Mobile
T_CUST4,PLAN_A,2022-06-01,1647.01,Enterprise,LATAM,usage,Mobile
T_CUST4,PLAN_A,2022-07-01,1708.68,Enterprise,LATAM,usage,Mobile
T_CUST4,PLAN_A,2022-08-01,1657.76,Enterprise,LATAM,usage,Mobile
T_CUST4,PLAN_A,2022-09-01,1652.57,Enterprise,LATAM,usage,Mobile
T_CUST4,PLAN_A,2022-10-01,1553.84,Enterprise,LATAM,usage,Mobile
T_CUST4,PLAN_A,2022-11-01,1625.68,Enterprise,LATAM,usage,Mobile
T_CUST4,PLAN_A,2022-12-01,1107.45,Enterprise,LATAM,usage,Mobile
T_CUST4,PLAN_A,2023-01-01,1510.23,Enterprise,LATAM,usage,Mobile
T_CUST4,PLAN_A,2023-02-01,1573.41,Enterprise,LATAM,usage,Mobile
T_CUST4,PLAN_A,2023-03-01,1105.57,Enterprise,LATAM,usage,Mobile
T_CUST4,PLAN_A,2023-04-01,1097.46,Enterprise,LATAM,usage,Mobile
T_CUST4,PLAN_A,2023-05-01,1165.38,Enterprise,LATAM,usage,Mobile
T_CUST4,PLAN_A,2023-06-01,1511.53,Enterprise,LATAM,usage,Mobile
T_CUST4,PLAN_A,2023-07-01,1420.25,Enterprise,LATAM,usage,Mobile
T_CUST4,PLAN_A,2023-08-01,1289.43,Enterprise,LATAM,usage,Mobile
T_CUST4,PLAN_A,2023-09-01,1330.28,Enterprise,LATAM,usage,Mobile
T_CUST4,PLAN_A,2023-10-01,1211.56,Enterprise,LATAM,usage,Mobile
T_CUST4,PLAN_A,2023-11-01,1341.77,Enterprise,LATAM,usage,Mobile
T_CUST4,PLAN_A,2023-12-01,1395.41,Enterprise,LATAM,usage,Mobile
T_CUST4,PLAN_A,2024-01-01,1125.1,Enterprise,LATAM,usage,Mobile
T_CUST4,PLAN_A,2024-02-01,1067.02,Enterprise,LATAM,usage,Mobile
T_CUST4,PLAN_A,2024-03-01,1583.67,Enterprise,LATAM,usage,Mobile
T_CUST4,PLAN_A,2024-04-01,1359.75,Enterprise,LATAM,usage,Mobile
T_CUST4,PLAN_A,2024-05-01,1199.62,Enterprise,LATAM,usage,Mobile
T_CUST4,PLAN_A,2024-06-01,1973.56,Enterprise,LATAM,usage,Mobile
T_CUST4,PLAN_A,2024-07-01,1822.85,Enterprise,LATAM,usage,Mobile
T_CUST4,PLAN_A,2024-08-01,1578.14,Enterprise,LATAM,usage,Mobile
T_CUST4,PLAN_A,2024-09-01,1266.6,Enterprise,LATAM,usage,Mobile
T_CUST4,PLAN_A,2024-10-01,1087.02,Enterprise,LATAM,usage,Mobile
T_CUST4,PLAN_A,2024-11-01,1226.62,Enterprise,LATAM,usage,Mobile
T_CUST4,PLAN_A,2024-12-01,1355.8,Enterprise,LATAM,usage,Mobile
T_CUST4,PLAN_B,2022-01-01,745.33,Enterprise,LATAM,usage,Broadband
T_CUST4,PLAN_B,2022-02-01,918.27,Enterprise,LATAM,usage,Broadband
T_CUST4,PLAN_B,2022-03-01,980.44,Enterprise,LATAM,usage,Broadband
T_CUST4,PLAN_B,2022-04-01,981.64,Enterprise,LATAM,usage,Broadband
T_CUST4,PLAN_B,2022-05-01,793.0,Enterprise,LATAM,usage,Broadband
T_CUST4,PLAN_B,2022-06-01,970.02,Enterprise,LATAM,usage,Broadband
T_CUST4,PLAN_B,2022-07-01,883.59,Enterprise,LATAM,usage,Broadband
T_CUST4,PLAN_B,2022-08-01,1171.17,Enterprise,LATAM,usage,Broadband
T_CUST4,PLAN_B,2022-09-01,781.63,Enterprise,LATAM,usage,Broadband
T_CUST4,PLAN_B,2022-10-01,871.7,Enterprise,LATAM,usage,Broadband
T_CUST4,PLAN_B,2022-11-01,1047.39,Enterprise,LATAM,usage,Broadband
T_CUST4,PLAN_B,2022-12-01,605.78,Enterprise,LATAM,usage,Broadband
T_CUST4,PLAN_B,2023-01-01,926.42,Enterprise,LATAM,usage,Broadband
T_CUST4,PLAN_B,2023-02-01,980.4,Enterprise,LATAM,usage,Broadband
T_CUST4,PLAN_B,2023-03-01,940.72,Enterprise,LATAM,usage,Broadband
T_CUST4,PLAN_B,2023-04-01,840.97,Enterprise,LATAM,usage,Broadband
T_CUST4,PLAN_B,2023-05-01,931.86,Enterprise,LATAM,usage,Broadband
T_CUST4,PLAN_B,2023-06-01,1281.43,Enterprise,LATAM,usage,Broadband
T_CUST4,PLAN_B,2023-07-01,852.39,Enterprise,LATAM,usage,Broadband
T_CUST4,PLAN_B,2023-08-01,838.56,Enterprise,LATAM,usage,Broadband
T_CUST4,PLAN_B,2023-09-01,813.07,Enterprise,LATAM,usage,Broadband
T_CUST4,PLAN_B,2023-10-01,713.58,Enterprise,LATAM,usage,Broadband
T_CUST4,PLAN_B,2023-11-01,1054.94,Enterprise,LATAM,usage,Broadband
T_CUST4,PLAN_B,2023-12-01,900.28,Enterprise,LATAM,usage,Broadband
T_CUST4,PLAN_B,2024-01-01,663.1,Enterprise,LATAM,usage,Broadband
T_CUST4,PLAN_B,2024-02-01,826.95,Enterprise,LATAM,usage,Broadband
T_CUST4,PLAN_B,2024-03-01,844.45,Enterprise,LATAM,usage,Broadband
T_CUST4,PLAN_B,2024-04-01,1070.3,Enterprise,LATAM,usage,Broadband
T_CUST4,PLAN_B,2024-05-01,808.34,Enterprise,LATAM,usage,Broadband
T_CUST4,PLAN_B,2024-06-01,1045.93,Enterprise,LATAM,usage,Broadband
T_CUST4,PLAN_B,2024-07-01,1070.44,Enterprise,LATAM,usage,Broadband
T_CUST4,PLAN_B,2024-08-01,1197.57,Enterprise,LATAM,usage,Broadband
T_CUST4,PLAN_B,2024-09-01,1034.11,Enterprise,LATAM,usage,Broadband
T_CUST4,PLAN_B,2024-10-01,951.45,Enterprise,LATAM,usage,Broadband
T_CUST4,PLAN_B,2024-11-01,822.63,Enterprise,LATAM,usage,Broadband
T_CUST4,PLAN_B,2024-12-01,689.73,Enterprise,LATAM,usage,Broadband
T_CUST4,PLAN_C,2022-01-01,302.11,Enterprise,LATAM,usage,EnterpriseLink
T_CUST4,PLAN_C,2022-02-01,365.54,Enterprise,LATAM,usage,EnterpriseLink
T_CUST4,PLAN_C,2022-03-01,397.64,Enterprise,LATAM,usage,EnterpriseLink
T_CUST4,PLAN_C,2022-04-01,430.0,Enterprise,LATAM,usage,EnterpriseLink
T_CUST4,PLAN_C,2022-05-01,415.53,Enterprise,LATAM,usage,EnterpriseLink
T_CUST4,PLAN_C,2022-06-01,481.38,Enterprise,LATAM,usage,EnterpriseLink
T_CUST4,PLAN_C,2022-07-01,504.13,Enterprise,LATAM,usage,EnterpriseLink
T_CUST4,PLAN_C,2022-08-01,462.88,Enterprise,LATAM,usage,EnterpriseLink
T_CUST4,PLAN_C,2022-09-01,427.64,Enterprise,LATAM,usage,EnterpriseLink
T_CUST4,PLAN_C,2022-10-01,355.08,Enterprise,LATAM,usage,EnterpriseLink
T_CUST4,PLAN_C,2022-11-01,284.1,Enterprise,LATAM,usage,EnterpriseLink
T_CUST4,PLAN_C,2022-12-01,352.22,Enterprise,LATAM,usage,EnterpriseLink
T_CUST4,PLAN_C,2023-01-01,385.33,Enterprise,LATAM,usage,EnterpriseLink
T_CUST4,PLAN_C,2023-02-01,274.01,Enterprise,LATAM,usage,EnterpriseLink
T_CUST4,PLAN_C,2023-03-01,373.31,Enterprise,LATAM,usage,EnterpriseLink
T_CUST4,PLAN_C,2023-04-01,320.0,Enterprise,LATAM,usage,EnterpriseLink
T_CUST4,PLAN_C,2023-05-01,336.7,Enterprise,LATAM,usage,EnterpriseLink
T_CUST4,PLAN_C,2023-06-01,507.65,Enterprise,LATAM,usage,EnterpriseLink
T_CUST4,PLAN_C,2023-07-01,389.97,Enterprise,LATAM,usage,EnterpriseLink
T_CUST4,PLAN_C,2023-08-01,448.72,Enterprise,LATAM,usage,EnterpriseLink
T_CUST4,PLAN_C,2023-09-01,339.93,Enterprise,LATAM,usage,EnterpriseLink
T_CUST4,PLAN_C,2023-10-01,424.51,Enterprise,LATAM,usage,EnterpriseLink
T_CUST4,PLAN_C,2023-11-01,330.74,Enterprise,LATAM,usage,EnterpriseLink
T_CUST4,PLAN_C,2023-12-01,256.95,Enterprise,LATAM,usage,EnterpriseLink
T_CUST4,PLAN_C,2024-01-01,305.27,Enterprise,LATAM,usage,EnterpriseLink
T_CUST4,PLAN_C,2024-02-01,336.86,Enterprise,LATAM,usage,EnterpriseLink
T_CUST4,PLAN_C,2024-03-01,417.54,Enterprise,LATAM,usage,EnterpriseLink
T_CUST4,PLAN_C,2024-04-01,324.48,Enterprise,LATAM,usage,EnterpriseLink
T_CUST4,PLAN_C,2024-05-01,318.19,Enterprise,LATAM,usage,EnterpriseLink
T_CUST4,PLAN_C,2024-06-01,404.62,Enterprise,LATAM,usage,EnterpriseLink
T_CUST4,PLAN_C,2024-07-01,461.87,Enterprise,LATAM,usage,EnterpriseLink
T_CUST4,PLAN_C,2024-08-01,407.7,Enterprise,LATAM,usage,EnterpriseLink
T_CUST4,PLAN_C,2024-09-01,356.5,Enterprise,LATAM,usage,EnterpriseLink
T_CUST4,PLAN_C,2024-10-01,388.12,Enterprise,LATAM,usage,EnterpriseLink
T_CUST4,PLAN_C,2024-11-01,273.3,Enterprise,LATAM,usage,EnterpriseLink
T_CUST4,PLAN_C,2024-12-01,262.05,Enterprise,LATAM,usage,EnterpriseLink
